year,Fuel_Type,JAN,FEB,MAR,APR,MAY,JUN,JUL,AUG,SEP,OCT,NOV,DEC,TOTAL
2002,CNG ONLY,47,32,29,18,24.0,16.0,30.0,9.0,28.0,21.0,21.0,6.0,281
2002,DIESEL,21546,18906,20689,19291,19157.0,19932.0,22908.0,21144.0,20165.0,20604.0,20899.0,18594.0,243835
2002,DIESEL/HYBRID,0,3,1,0,1.0,0.0,1.0,1.0,0.0,0.0,1.0,1.0,9
2002,ELECTRIC(BOV),10,7,23,8,19.0,20.0,19.0,26.0,22.0,8.0,16.0,14.0,192
2002,LPG ONLY,30,21,31,29,21.0,23.0,25.0,33.0,28.0,25.0,27.0,20.0,313
2002,NOT APPLICABLE,1445,1422,1725,1325,1428.0,1561.0,1928.0,1783.0,1869.0,1860.0,1867.0,1968.0,20181
2002,PETROL,34528,32245,35247,32692,32503.0,29509.0,29580.0,32692.0,33258.0,34463.0,30771.0,27142.0,384630
2002,PETROL/CNG,2330,2321,2189,2213,2376.0,2224.0,2258.0,2387.0,2363.0,2956.0,2442.0,1862.0,27921
2002,PETROL/HYBRID,0,0,0,0,1.0,0.0,0.0,0.0,0.0,0.0,0.0,0.0,1
2002,PETROL/LPG,3478,3264,3485,3175,3102.0,3041.0,2937.0,3045.0,3143.0,3258.0,3112.0,2271.0,37311
2002,SOLAR,1,0,0,0,0.0,1.0,0.0,0.0,0.0,0.0,1.0,0.0,3
2003,CNG ONLY,21,8,15,23,23.0,21.0,26.0,28.0,22.0,36.0,26.0,20.0,269
2003,DIESEL,24629,23261,29870,21531,24763.0,24753.0,25822.0,23218.0,24715.0,26342.0,24065.0,23936.0,296905
2003,DIESEL/HYBRID,1,0,0,2,1.0,1.0,2.0,1.0,3.0,3.0,1.0,2.0,17
2003,ELECTRIC(BOV),15,28,44,21,34.0,26.0,22.0,28.0,25.0,24.0,12.0,13.0,292
2003,LPG ONLY,33,33,44,29,26.0,26.0,28.0,27.0,31.0,23.0,29.0,29.0,358
2003,NOT APPLICABLE,2043,1993,2210,1737,1849.0,2207.0,2187.0,1636.0,1983.0,1787.0,1880.0,2361.0,23873
2003,PETROL,36890,30348,39840,33169,36476.0,35675.0,38360.0,35593.0,36748.0,39405.0,36608.0,36653.0,435765
2003,PETROL/CNG,2896,2606,3122,2387,2691.0,2655.0,3231.0,2803.0,2851.0,3802.0,3118.0,2963.0,35125
2003,PETROL/HYBRID,0,0,0,0,1.0,1.0,1.0,0.0,0.0,0.0,1.0,0.0,4
2003,PETROL/LPG,3584,3107,3801,2904,3300.0,3149.0,3457.0,3121.0,3162.0,3634.0,3259.0,2973.0,39451
2003,SOLAR,2,0,2,0,0.0,1.0,0.0,0.0,0.0,1.0,0.0,0.0,6
2004,CNG ONLY,50,40,32,68,61.0,48.0,76.0,60.0,72.0,81.0,93.0,106.0,787
2004,DIESEL,32010,28744,34465,30371,28749.0,33258.0,35977.0,29253.0,31609.0,29938.0,31415.0,31990.0,377779
2004,DIESEL/HYBRID,2,2,3,2,1.0,1.0,1.0,0.0,3.0,2.0,2.0,1.0,20
2004,ELECTRIC(BOV),18,4,18,30,18.0,16.0,21.0,9.0,23.0,25.0,28.0,21.0,231
2004,ETHANOL,2,1,0,0,0.0,0.0,0.0,0.0,0.0,0.0,0.0,0.0,3
2004,LPG ONLY,51,48,45,63,47.0,47.0,45.0,76.0,94.0,62.0,99.0,77.0,754
2004,NOT APPLICABLE,2425,2370,2993,2276,2119.0,2757.0,3062.0,2435.0,2474.0,2238.0,2295.0,2740.0,30184
2004,PETROL,49254,38986,48726,47421,40271.0,41790.0,45141.0,39821.0,42854.0,42000.0,48766.0,48757.0,533787
2004,PETROL/CNG,4421,3857,4562,4262,3603.0,3701.0,4299.0,3446.0,4264.0,4561.0,5392.0,5119.0,51487
2004,PETROL/HYBRID,0,0,0,1,0.0,1.0,2.0,0.0,1.0,0.0,1.0,0.0,6
2004,PETROL/LPG,4214,3595,4193,4143,3531.0,3796.0,3792.0,3385.0,3817.0,3611.0,4219.0,3694.0,45990
2004,SOLAR,1,1,0,0,1.0,1.0,0.0,2.0,1.0,0.0,1.0,1.0,9
2005,CNG ONLY,75,102,72,62,67.0,48.0,65.0,74.0,56.0,78.0,50.0,55.0,804
2005,DIESEL,34746,34313,40009,32586,34827.0,34953.0,33948.0,32272.0,34886.0,35608.0,33026.0,35853.0,417027
2005,DIESEL/HYBRID,2,5,3,5,0.0,1.0,2.0,5.0,2.0,1.0,1.0,0.0,27
2005,ELECTRIC(BOV),13,11,16,9,25.0,10.0,27.0,24.0,21.0,22.0,20.0,21.0,219
2005,LNG,0,0,0,0,0.0,0.0,0.0,0.0,0.0,0.0,1.0,0.0,1
2005,LPG ONLY,105,79,102,74,53.0,63.0,93.0,86.0,119.0,97.0,106.0,88.0,1065
2005,METHANOL,1,0,0,0,0.0,0.0,0.0,1.0,0.0,0.0,0.0,0.0,2
2005,NOT APPLICABLE,2503,2819,3616,2830,2880.0,2491.0,2679.0,2521.0,3286.0,3331.0,2999.0,3530.0,35485
2005,PETROL,48001,41975,50138,44905,45475.0,43563.0,46017.0,47308.0,48988.0,54318.0,46971.0,49177.0,566836
2005,PETROL/CNG,4941,4802,5503,4836,5206.0,4740.0,5331.0,5315.0,5037.0,7107.0,5225.0,5359.0,63402
2005,PETROL/HYBRID,1,1,0,0,0.0,1.0,0.0,0.0,0.0,0.0,0.0,1.0,4
2005,PETROL/LPG,4245,3707,4127,3693,3961.0,3689.0,3710.0,3661.0,3811.0,4212.0,3823.0,3318.0,45957
2005,SOLAR,0,1,2,1,1.0,0.0,2.0,1.0,3.0,1.0,2.0,1.0,15
2006,CNG ONLY,161,80,85,81,79.0,115.0,82.0,33.0,23.0,16.0,22.0,20.0,797
2006,DIESEL,45030,42754,52986,38149,42090.0,44066.0,42191.0,40408.0,40939.0,39216.0,46802.0,38878.0,513509
2006,DIESEL/HYBRID,4,4,0,5,1.0,2.0,6.0,2.0,1.0,1.0,1.0,2.0,29
2006,ELECTRIC(BOV),14,25,23,19,13.0,41.0,29.0,42.0,38.0,19.0,31.0,14.0,308
2006,ETHANOL,1,0,0,0,0.0,0.0,0.0,0.0,0.0,0.0,0.0,0.0,1
2006,LNG,0,0,0,0,0.0,0.0,0.0,0.0,0.0,0.0,1.0,0.0,1
2006,LPG ONLY,100,95,95,79,89.0,106.0,120.0,189.0,198.0,205.0,212.0,174.0,1662
2006,NOT APPLICABLE,3498,3887,5353,3732,3411.0,3833.0,3466.0,3402.0,3771.0,3683.0,4390.0,3679.0,46105
2006,PETROL,59215,48347,61819,50793,54790.0,57815.0,52658.0,54356.0,54705.0,57368.0,59982.0,53218.0,665066
2006,PETROL/CNG,7169,6205,7953,6067,6466.0,6743.0,5550.0,5944.0,6349.0,8603.0,7554.0,6388.0,80991
2006,PETROL/ETHANOL,0,0,1,0,0.0,0.0,0.0,0.0,0.0,0.0,0.0,0.0,1
2006,PETROL/HYBRID,0,0,1,0,0.0,0.0,0.0,0.0,0.0,0.0,0.0,1.0,2
2006,PETROL/LPG,4890,4042,5040,3835,4368.0,4858.0,4738.0,5224.0,5340.0,5840.0,6680.0,4859.0,59714
2006,SOLAR,1,1,2,0,3.0,0.0,0.0,0.0,6.0,0.0,0.0,1.0,14
2007,CNG ONLY,24,22,17,14,25.0,29.0,27.0,26.0,19.0,24.0,26.0,10.0,263
2007,DIESEL,49144,51007,58751,44626,51852.0,49164.0,51536.0,50598.0,46965.0,49609.0,53432.0,46314.0,602998
2007,DIESEL/HYBRID,2,1,3,2,2.0,3.0,2.0,2.0,4.0,1.0,3.0,1.0,26
2007,DI-METHYL ETHER,0,0,0,0,0.0,0.0,1.0,0.0,0.0,0.0,0.0,0.0,1
2007,ELECTRIC(BOV),21,34,46,27,19.0,13.0,52.0,30.0,36.0,38.0,36.0,46.0,398
2007,ETHANOL,0,0,0,0,0.0,1.0,0.0,1.0,0.0,0.0,0.0,0.0,2
2007,LNG,1,0,0,0,0.0,0.0,0.0,0.0,0.0,0.0,0.0,0.0,1
2007,LPG ONLY,250,222,245,199,241.0,229.0,195.0,209.0,171.0,207.0,214.0,144.0,2526
2007,NOT APPLICABLE,3823,4028,4783,3430,3618.0,3601.0,3651.0,3671.0,3478.0,3846.0,3756.0,3400.0,45085
2007,PETROL,70873,59437,69243,56084,60792.0,57165.0,60379.0,64871.0,61094.0,63664.0,74548.0,58955.0,757105
2007,PETROL/CNG,9787,8305,8631,7231,7875.0,6828.0,7867.0,8379.0,8360.0,9530.0,10757.0,7286.0,100836
2007,PETROL/HYBRID,1,0,1,1,1.0,0.0,0.0,0.0,1.0,0.0,1.0,0.0,6
2007,PETROL/LPG,8253,7225,7469,6112,6820.0,6311.0,6601.0,6630.0,6576.0,6632.0,8014.0,5505.0,82148
2007,SOLAR,1,1,0,1,2.0,0.0,1.0,0.0,1.0,2.0,0.0,1.0,10
2008,CNG ONLY,30,16,14,20,20.0,23.0,29.0,21.0,23.0,19.0,14.0,7.0,236
2008,DIESEL,61878,59465,62918,61525,66443.0,59817.0,60696.0,52218.0,54120.0,54300.0,54734.0,48823.0,696937
2008,DIESEL/HYBRID,1,0,4,3,3.0,4.0,0.0,0.0,2.0,2.0,4.0,2.0,25
2008,DUAL DIESEL/CNG,0,0,0,0,0.0,1.0,0.0,0.0,0.0,1.0,0.0,0.0,2
2008,ELECTRIC(BOV),41,80,32,26,30.0,51.0,94.0,61.0,56.0,43.0,44.0,47.0,605
2008,FUEL CELL HYDROGEN,0,0,1,0,0.0,0.0,0.0,0.0,0.0,0.0,0.0,0.0,1
2008,LPG ONLY,213,123,114,103,104.0,144.0,206.0,121.0,114.0,180.0,76.0,66.0,1564
2008,METHANOL,0,0,0,0,0.0,1.0,0.0,0.0,0.0,0.0,0.0,0.0,1
2008,NOT APPLICABLE,3659,4356,4782,3377,3572.0,3589.0,3500.0,2822.0,3015.0,2595.0,2833.0,3220.0,41320
2008,PETROL,82077,62161,62917,68622,74827.0,58831.0,60800.0,52971.0,58754.0,63492.0,61114.0,54485.0,761051
2008,PETROL/CNG,11098,8483,8742,9014,8888.0,7616.0,7830.0,7251.0,6817.0,10098.0,8084.0,6481.0,100402
2008,PETROL/HYBRID,0,0,0,0,0.0,0.0,1.0,0.0,1.0,0.0,0.0,1.0,3
2008,PETROL/LPG,8068,5494,5306,5391,6444.0,5569.0,6909.0,6049.0,5783.0,6411.0,6529.0,4854.0,72807
2008,SOLAR,1,5,1,3,0.0,0.0,1.0,1.0,0.0,0.0,1.0,0.0,13
2009,CNG ONLY,30,20,24,20,24.0,18.0,37.0,26.0,15.0,23.0,18.0,29.0,284
2009,DIESEL,58196,56064,67086,57155,61156.0,66687.0,69155.0,61777.0,64159.0,77377.0,70637.0,64931.0,774380
2009,DIESEL/HYBRID,2,4,2,1,3.0,4.0,3.0,1.0,3.0,0.0,3.0,3.0,29
2009,ELECTRIC(BOV),39,41,48,43,21.0,21.0,39.0,26.0,40.0,32.0,32.0,18.0,400
2009,FUEL CELL HYDROGEN,0,0,0,0,0.0,0.0,0.0,0.0,0.0,1.0,0.0,0.0,1
2009,LNG,0,0,1,0,0.0,0.0,0.0,0.0,0.0,0.0,0.0,0.0,1
2009,LPG ONLY,133,108,99,78,70.0,61.0,73.0,61.0,61.0,60.0,44.0,47.0,895
2009,NOT APPLICABLE,3035,3218,4021,2961,2964.0,2934.0,3308.0,3015.0,3067.0,3029.0,3309.0,2897.0,37758
2009,PETROL,79738,66113,71670,67745,66922.0,69070.0,70510.0,72164.0,74782.0,95602.0,79342.0,75286.0,888944
2009,PETROL/CNG,10517,8905,9090,8247,8670.0,8320.0,8399.0,8717.0,9201.0,12527.0,9723.0,8872.0,111188
2009,PETROL/HYBRID,0,1,1,0,0.0,1.0,1.0,0.0,1.0,2.0,0.0,1.0,8
2009,PETROL/LPG,8975,7456,7649,6873,6762.0,7073.0,7239.0,6701.0,6983.0,9343.0,7453.0,6581.0,89088
2009,SOLAR,0,1,3,0,1.0,1.0,2.0,2.0,0.0,1.0,0.0,3.0,14
2010,CNG ONLY,34,19,44,39,37.0,28.0,47.0,53.0,270.0,342.0,215.0,133.0,1261
2010,DIESEL,80016,82071,99148,78183,86796.0,82500.0,82653.0,80655.0,81390.0,87252.0,90617.0,92527.0,1023808
2010,DIESEL/HYBRID,6,2,4,2,1.0,1.0,1.0,3.0,1.0,5.0,5.0,3.0,34
2010,ELECTRIC(BOV),15,14,31,19,18.0,43.0,29.0,37.0,41.0,32.0,30.0,59.0,368
2010,ETHANOL,0,0,0,1,0.0,0.0,0.0,0.0,0.0,0.0,0.0,0.0,1
2010,LPG ONLY,70,49,50,28,46.0,28.0,30.0,43.0,48.0,48.0,66.0,59.0,565
2010,METHANOL,0,0,1,0,0.0,0.0,0.0,0.0,0.0,0.0,0.0,0.0,1
2010,NOT APPLICABLE,3234,4094,4891,3692,3157.0,3298.0,3599.0,3537.0,4015.0,4514.0,3907.0,4115.0,46053
2010,PETROL,96576,86247,107626,77992,91962.0,84863.0,87769.0,93083.0,96130.0,101325.0,110479.0,106747.0,1140799
2010,PETROL/CNG,13005,11602,14654,10564,13239.0,10779.0,11141.0,11173.0,12431.0,15282.0,15680.0,14240.0,153790
2010,PETROL/HYBRID,0,0,1,0,1.0,1.0,0.0,1.0,0.0,0.0,0.0,0.0,4
2010,PETROL/LPG,9354,7831,9236,6517,6452.0,6162.0,6065.0,6100.0,6093.0,6623.0,8259.0,7465.0,86157
2010,PETROL/METHANOL,0,0,0,1,0.0,0.0,0.0,0.0,0.0,0.0,0.0,0.0,1
2010,SOLAR,1,0,1,1,2.0,4.0,3.0,0.0,0.0,1.0,0.0,1.0,14
2011,CNG ONLY,114,59,102,81,113.0,109.0,94.0,194.0,182.0,189.0,180.0,155.0,1572
2011,DIESEL,102747,100975,119922,93189,99973.0,107304.0,103527.0,98431.0,104620.0,109223.0,128908.0,118263.0,1287082
2011,DIESEL/HYBRID,2,3,0,1,1.0,1.0,3.0,1.0,2.0,1.0,3.0,4.0,22
2011,ELECTRIC(BOV),68,75,74,61,89.0,72.0,58.0,64.0,41.0,48.0,64.0,57.0,771
2011,ETHANOL,0,0,1,0,0.0,0.0,0.0,0.0,0.0,0.0,0.0,0.0,1
2011,LPG ONLY,39,29,48,36,19.0,45.0,37.0,45.0,38.0,30.0,27.0,15.0,408
2011,NOT APPLICABLE,3720,4602,5535,3434,3570.0,4455.0,4813.0,7245.0,4458.0,3879.0,4578.0,4834.0,55123
2011,PETROL,125694,94665,110925,92224,92979.0,84244.0,80262.0,81465.0,83155.0,88595.0,97573.0,83261.0,1115042
2011,PETROL/CNG,18829,14540,16707,14296,14569.0,14033.0,13783.0,13140.0,12640.0,16799.0,16358.0,11905.0,177599
2011,PETROL/ETHANOL,0,0,0,0,0.0,0.0,0.0,0.0,0.0,0.0,0.0,1.0,1
2011,PETROL/HYBRID,0,0,2,0,0.0,0.0,0.0,0.0,0.0,0.0,0.0,0.0,2
2011,PETROL/LPG,9049,6841,7276,5963,6827.0,7002.0,6774.0,6532.0,6467.0,6521.0,7291.0,5504.0,82047
2011,SOLAR,1,0,1,1,1.0,3.0,4.0,2.0,3.0,3.0,4.0,0.0,23
2012,CNG ONLY,275,185,175,159,128.0,179.0,135.0,139.0,149.0,149.0,154.0,124.0,1951
2012,DIESEL,140806,137042,179310,124612,139401.0,145694.0,154929.0,133154.0,116512.0,129389.0,150813.0,139708.0,1691370
2012,DIESEL/HYBRID,1,2,2,0,3.0,4.0,4.0,3.0,2.0,3.0,2.0,3.0,29
2012,ELECTRIC(BOV),85,69,107,16,28.0,47.0,54.0,40.0,32.0,22.0,24.0,29.0,553
2012,LPG ONLY,22,45,47,30,26.0,17.0,21.0,29.0,21.0,18.0,24.0,17.0,317
2012,NOT APPLICABLE,4312,4963,5426,3863,4237.0,4544.0,4356.0,4675.0,3544.0,3095.0,3073.0,3456.0,49544
2012,PETROL,109682,87391,112614,80607,74599.0,69900.0,69116.0,69334.0,64849.0,68913.0,93883.0,79615.0,980503
2012,PETROL/CNG,17903,14392,16422,12786,11355.0,10549.0,10286.0,10090.0,9510.0,11260.0,15615.0,12521.0,152689
2012,PETROL/HYBRID,0,0,1,0,0.0,0.0,1.0,0.0,1.0,0.0,0.0,1.0,4
2012,PETROL/LPG,8592,7308,8893,6577,5879.0,5609.0,5594.0,5644.0,4983.0,4859.0,5196.0,4303.0,73437
2012,SOLAR,3,2,5,4,1.0,4.0,3.0,3.0,0.0,0.0,0.0,1.0,26
2013,CNG ONLY,118,108,129,122,132.0,138.0,166.0,131.0,94.0,148.0,121.0,81.0,1488
2013,DIESEL,164754,140861,152910,142033,140453.0,128344.0,131112.0,120811.0,121595.0,144815.0,137740.0,130936.0,1656364
2013,DIESEL/HYBRID,6,3,3,3,1.0,1.0,2.0,3.0,0.0,3.0,3.0,2.0,30
2013,DUAL DIESEL/CNG,0,0,0,0,0.0,0.0,0.0,0.0,0.0,0.0,1.0,0.0,1
2013,ELECTRIC(BOV),28,21,30,71,64.0,52.0,41.0,41.0,36.0,53.0,32.0,39.0,508
2013,LPG ONLY,24,19,15,23,29.0,24.0,16.0,16.0,15.0,22.0,8.0,12.0,223
2013,NOT APPLICABLE,3442,3628,4178,3222,3382.0,3669.0,3412.0,2192.0,2014.0,2764.0,4983.0,5226.0,42112
2013,PETROL,96448,75182,79398,82169,78226.0,68732.0,75576.0,71694.0,69486.0,88001.0,80415.0,70221.0,935548
2013,PETROL/CNG,15656,11578,11922,12718,11504.0,9539.0,10741.0,9639.0,8665.0,12637.0,10740.0,8886.0,134225
2013,PETROL/HYBRID,0,1,1,1,0.0,0.0,1.0,0.0,0.0,0.0,0.0,1.0,5
2013,PETROL/LPG,5899,4023,3491,3218,3156.0,2878.0,3063.0,2776.0,2673.0,3096.0,3168.0,2784.0,40225
2013,SOLAR,1,0,3,0,2.0,0.0,1.0,0.0,3.0,0.0,3.0,0.0,13
2014,CNG ONLY,160,110,125,118,146.0,156.0,202.0,183.0,209.0,251.0,222.0,190.0,2072
2014,DIESEL,163718,126584,151232,130161,141344.0,137013.0,141955.0,123770.0,120724.0,119270.0,144472.0,137045.0,1637288
2014,DIESEL/HYBRID,1,1,0,1,1.0,2.0,0.0,1.0,2.0,1.0,4.0,2.0,16
2014,ELECTRIC(BOV),46,27,40,43,48.0,25.0,29.0,64.0,61.0,63.0,58.0,62.0,566
2014,LPG ONLY,18,4,10,12,10.0,16.0,8.0,8.0,10.0,8.0,13.0,10.0,127
2014,NOT APPLICABLE,5426,4802,5983,4181,4873.0,5041.0,6028.0,9384.0,4197.0,2831.0,3927.0,3774.0,60447
2014,PETROL,105085,68648,87097,81753,85851.0,82218.0,86576.0,81307.0,88557.0,99816.0,94560.0,91557.0,1053025
2014,PETROL/CNG,13983,8550,11127,12244,12186.0,11402.0,13257.0,11155.0,11393.0,15993.0,12925.0,11784.0,145999
2014,PETROL/HYBRID,0,0,0,0,1.0,2.0,0.0,0.0,0.0,1.0,0.0,0.0,4
2014,PETROL/LPG,4262,2999,3391,3526,3694.0,3752.0,4040.0,3618.0,3477.0,3452.0,3411.0,2795.0,42417
2014,SOLAR,0,2,1,1,1.0,1.0,1.0,0.0,1.0,0.0,0.0,0.0,8
2015,CNG ONLY,239,163,146,166,146.0,146.0,147.0,196.0,202.0,219.0,251.0,181.0,2202
2015,DIESEL,155902,126068,131774,116913,116024.0,120597.0,121232.0,110780.0,115591.0,113105.0,129990.0,123975.0,1481951
2015,DIESEL/HYBRID,1,0,3,2,1.0,3.0,1.0,1.0,3.0,54.0,173.0,231.0,473
2015,ELECTRIC(BOV),76,62,72,42,60.0,70.0,77.0,60.0,56.0,57.0,56.0,70.0,758
2015,LPG ONLY,10,13,17,11,9.0,15.0,13.0,8.0,11.0,12.0,12.0,11.0,142
2015,NOT APPLICABLE,3412,3568,4211,3126,3177.0,3571.0,3838.0,3430.0,3233.0,3294.0,3376.0,4186.0,42422
2015,PETROL,122000,92514,101275,100707,96839.0,95849.0,92050.0,88953.0,99537.0,101154.0,118951.0,111373.0,1221202
2015,PETROL/CNG,16561,11749,12980,13235,13170.0,13134.0,12510.0,11206.0,11824.0,12214.0,15167.0,12842.0,156592
2015,PETROL/ETHANOL,0,0,0,0,0.0,0.0,0.0,0.0,0.0,0.0,1.0,0.0,1
2015,PETROL/HYBRID,0,1,1,1,2.0,1.0,3.0,8.0,16.0,15.0,22.0,20.0,90
2015,PETROL/LPG,3739,2921,2881,2673,2772.0,2760.0,2810.0,2402.0,2194.0,2257.0,2640.0,2450.0,32499
2015,SOLAR,0,1,0,0,2.0,1.0,2.0,1.0,0.0,3.0,1.0,2.0,13
2016,CNG ONLY,239,148,122,139,96.0,110.0,102.0,129.0,136.0,145.0,135.0,118.0,1619
2016,DIESEL,133451,122990,124006,111103,123997.0,120334.0,112422.0,111477.0,104088.0,131147.0,128099.0,111653.0,1434767
2016,DIESEL/HYBRID,222,387,615,823,754.0,760.0,1011.0,1236.0,1063.0,1615.0,943.0,1408.0,10837
2016,DUAL DIESEL/CNG,0,0,0,0,0.0,0.0,0.0,0.0,0.0,0.0,1.0,0.0,1
2016,ELECTRIC(BOV),87,59,56,66,47.0,47.0,52.0,64.0,56.0,81.0,78.0,37.0,730
2016,ETHANOL,0,1,0,0,0.0,0.0,0.0,0.0,0.0,0.0,0.0,0.0,1
2016,LPG ONLY,15,9,15,16,18.0,7.0,11.0,13.0,19.0,12.0,10.0,19.0,164
2016,NOT APPLICABLE,5123,3805,6045,3956,4463.0,5040.0,5540.0,3913.0,4201.0,4180.0,3971.0,4723.0,54960
2016,PETROL,137060,111241,116230,108924,111705.0,105046.0,106397.0,116142.0,109218.0,144235.0,126319.0,109030.0,1401547
2016,PETROL/CNG,16427,15655,14627,14651,15067.0,13730.0,13895.0,14240.0,12624.0,18899.0,13998.0,12410.0,176223
2016,PETROL/HYBRID,26,27,27,36,70.0,80.0,48.0,36.0,40.0,45.0,31.0,50.0,516
2016,PETROL/LPG,3258,2607,2491,2184,2424.0,2318.0,2449.0,2528.0,2345.0,2579.0,2692.0,1969.0,29844
2016,SOLAR,1,1,2,1,1.0,1.0,2.0,0.0,2.0,1.0,2.0,0.0,14
2017,CNG ONLY,115,115,73,59,50.0,42.0,39.0,27.0,27.0,39.0,42.0,27.0,655
2017,DIESEL,122906,115082,154256,109283,121205.0,133011.0,137300.0,127278.0,129664.0,127503.0,144123.0,126053.0,1547664
2017,DIESEL/HYBRID,2116,2736,4089,3590,4396.0,5001.0,4401.0,3365.0,3647.0,4634.0,5189.0,3814.0,46978
2017,ELECTRIC(BOV),72,54,80,81,75.0,80.0,73.0,80.0,104.0,104.0,62.0,61.0,926
2017,ETHANOL,0,0,0,0,0.0,1.0,0.0,0.0,0.0,0.0,1.0,0.0,2
2017,LPG ONLY,26,15,14,16,11.0,13.0,14.0,13.0,14.0,9.0,13.0,11.0,169
2017,NOT APPLICABLE,3038,3734,5111,3364,3445.0,4035.0,3663.0,3061.0,3107.0,2928.0,3783.0,5361.0,44630
2017,PETROL,149740,119471,136124,124646,134183.0,138596.0,125476.0,123491.0,137444.0,153430.0,147713.0,124802.0,1615116
2017,PETROL/CNG,18625,15238,16750,14199,14931.0,15115.0,13894.0,13941.0,14801.0,18282.0,16425.0,13152.0,185353
2017,PETROL/HYBRID,42,60,97,102,83.0,122.0,30.0,31.0,37.0,33.0,21.0,18.0,676
2017,PETROL/LPG,2853,2557,2690,2203,2328.0,2267.0,2227.0,2113.0,2071.0,2009.0,2337.0,1617.0,27272
2017,SOLAR,1,0,2,0,2.0,1.0,0.0,0.0,0.0,0.0,0.0,0.0,6
2018,CNG ONLY,31,22,39,28,55.0,77.0,24.0,16.0,19.0,8.0,20.0,8.0,347
2018,DIESEL,147079,130573,153628,135979,138185.0,130838.0,147743.0,128064.0,113227.0,125699.0,128392.0,130217.0,1609624
2018,DIESEL/HYBRID,5430,4754,5369,4858,5180.0,4677.0,4725.0,4639.0,4229.0,4487.0,4601.0,4958.0,57907
2018,ELECTRIC(BOV),69,120,94,95,113.0,125.0,93.0,79.0,95.0,55.0,108.0,115.0,1161
2018,ETHANOL,0,0,0,0,0.0,0.0,0.0,1.0,0.0,0.0,0.0,1.0,2
2018,LPG ONLY,13,19,10,17,14.0,16.0,11.0,2.0,3.0,2.0,1.0,1.0,109
2018,NOT APPLICABLE,5316,5267,5841,6348,5327.0,4846.0,4601.0,4043.0,3917.0,4872.0,5340.0,5767.0,61485
2018,PETROL,170918,125796,143942,137662,142729.0,129215.0,129904.0,126502.0,124793.0,137266.0,159597.0,144631.0,1672955
2018,PETROL/CNG,19294,14745,16297,15825,17260.0,16198.0,16007.0,15548.0,14543.0,16967.0,18760.0,16539.0,197983
2018,PETROL/HYBRID,32,36,69,77,52.0,84.0,49.0,244.0,1657.0,2394.0,2746.0,4257.0,11697
2018,PETROL/LPG,2128,1906,2062,1882,2163.0,1968.0,2002.0,2032.0,1595.0,1775.0,1745.0,1742.0,23000
2018,SOLAR,1,1,0,1,0.0,0.0,0.0,0.0,0.0,0.0,0.0,2.0,5
2018,STRONG HYBRID EV,0,0,0,0,0.0,0.0,0.0,0.0,0.0,0.0,0.0,1.0,1
2019,CNG ONLY,25,12,13,17,25.0,12.0,17.0,13.0,11.0,13.0,9.0,13.0,180
2019,DIESEL,151060,125523,134843,117787,118496.0,112446.0,129062.0,117475.0,92550.0,116037.0,132067.0,120007.0,1467353
2019,DIESEL/HYBRID,7688,5984,6050,4701,3677.0,2081.0,1661.0,1244.0,1054.0,1479.0,1525.0,969.0,38113
2019,ELECTRIC(BOV),63,157,165,111,57.0,33.0,68.0,85.0,67.0,85.0,86.0,58.0,1035
2019,ETHANOL,0,0,0,0,0.0,1.0,0.0,0.0,0.0,0.0,0.0,0.0,1
2019,LPG ONLY,4,2,2,0,0.0,3.0,0.0,2.0,1.0,0.0,0.0,0.0,14
2019,METHANOL,0,0,0,0,0.0,0.0,0.0,0.0,0.0,0.0,0.0,1.0,1
2019,NOT APPLICABLE,5776,6373,6503,4741,4830.0,4060.0,4074.0,4243.0,3862.0,4557.0,5169.0,5495.0,59683
2019,PETROL,176892,124228,135262,129631,132699.0,116600.0,119825.0,107843.0,102902.0,166082.0,172879.0,134795.0,1619638
2019,PETROL/CNG,21553,15752,14775,17463,17351.0,14373.0,14988.0,13385.0,10716.0,20021.0,18984.0,13720.0,193081
2019,PETROL/HYBRID,6610,5472,6111,6483,6615.0,6037.0,5695.0,5569.0,5732.0,8615.0,7076.0,5353.0,75368
2019,PETROL/LPG,2353,1850,1761,1899,1835.0,1422.0,1323.0,1136.0,993.0,1364.0,1566.0,1020.0,18522
2020,CNG ONLY,25,11,36,12,0.0,2.0,2.0,7.0,7.0,5.0,3.0,3.0,113
2020,DIESEL,145985,119864,115926,14921,14125.0,68247.0,111665.0,103832.0,108783.0,102201.0,107756.0,124382.0,1137687
2020,DIESEL/HYBRID,1385,738,579,108,0.0,3.0,1.0,2.0,39.0,14.0,6.0,9.0,2884
2020,ELECTRIC(BOV),85,105,244,2,62.0,241.0,351.0,364.0,322.0,460.0,540.0,506.0,3282
2020,ETHANOL,0,0,0,0,0.0,1.0,0.0,1.0,0.0,0.0,0.0,0.0,2
2020,LPG ONLY,3,1,5,1,0.0,0.0,0.0,1.0,0.0,0.0,1.0,4.0,16
2020,NOT APPLICABLE,5621,5676,5469,427,1751.0,5225.0,5395.0,5255.0,6175.0,7129.0,6946.0,6743.0,61812
2020,PETROL,179993,142887,134952,13235,24810.0,99094.0,123012.0,138927.0,151258.0,193595.0,228741.0,212011.0,1642515
2020,PETROL/CNG,21411,13925,11872,665,1450.0,8286.0,12120.0,15495.0,14960.0,21479.0,23677.0,21313.0,166653
2020,PETROL/HYBRID,5856,5155,7509,432,1651.0,6368.0,6404.0,8098.0,9229.0,10520.0,12322.0,12105.0,85649
2020,PETROL/LPG,1365,1248,997,104,178.0,611.0,890.0,821.0,1098.0,1076.0,1159.0,1303.0,10850
2021,CNG ONLY,6,5,5,2,1.0,3.0,6.0,8.0,9.0,9.0,6.0,7.0,67
2021,DIESEL,117018,113742,130680,77835,35514.0,98694.0,144644.0,130087.0,104389.0,90105.0,95549.0,116580.0,1254837
2021,DIESEL/HYBRID,8,5,0,4,2.0,2.0,2.0,5.0,0.0,1.0,2.0,2.0,33
2021,DUAL DIESEL/CNG,0,0,0,0,0.0,1.0,0.0,0.0,0.0,0.0,0.0,0.0,1
2021,ELECTRIC(BOV),582,587,800,611,256.0,800.0,1074.0,1083.0,1183.0,1260.0,1601.0,2485.0,12322
2021,LPG ONLY,4,1,1,1,0.0,0.0,1.0,0.0,0.0,1.0,1.0,1.0,11
2021,METHANOL,0,1,0,0,0.0,0.0,0.0,0.0,0.0,0.0,0.0,0.0,1
2021,NOT APPLICABLE,6474,6218,7777,4485,1577.0,3320.0,6179.0,6242.0,6495.0,6764.0,5432.0,6320.0,67283
2021,PETROL,223358,187871,206695,155200,59687.0,136124.0,183907.0,178837.0,170321.0,167032.0,179853.0,179694.0,2028579
2021,PETROL/CNG,25801,23828,26007,15599,9373.0,15056.0,27165.0,25355.0,19764.0,17244.0,17141.0,18731.0,241064
2021,PETROL/HYBRID,13063,10835,12402,8072,2926.0,7525.0,12786.0,12070.0,10504.0,12729.0,11958.0,9991.0,124861
2021,PETROL/LPG,1422,1227,1245,689,157.0,721.0,1047.0,973.0,817.0,651.0,778.0,753.0,10480
2022,CNG ONLY,10,8,14,18,10.0,21.0,17.0,4.0,6.0,3.0,9.0,5.0,125
2022,DIESEL,108955,102528,128665,107536,111281.0,116394.0,121871.0,114534.0,106774.0,120070.0,128289.0,122650.0,1389547
2022,DIESEL/HYBRID,3,4,3,4,23.0,57.0,80.0,122.0,74.0,104.0,116.0,146.0,736
2022,DUAL DIESEL/CNG,0,0,0,0,0.0,1.0,0.0,0.0,0.0,1.0,0.0,0.0,2
2022,ELECTRIC(BOV),1361,2309,3660,1806,2290.0,2940.0,2960.0,2921.0,3241.0,3311.0,3557.0,2927.0,33283
2022,ETHANOL,0,0,0,1,0.0,0.0,0.0,0.0,0.0,0.0,0.0,0.0,1
2022,LPG ONLY,1,0,0,0,0.0,0.0,0.0,0.0,0.0,1.0,0.0,0.0,2
2022,NOT APPLICABLE,5464,6137,7204,4472,4927.0,5635.0,5087.0,4110.0,5497.0,5352.0,5348.0,4808.0,64041
2022,PETROL,186727,162775,179430,178650,176131.0,172467.0,163128.0,177105.0,166513.0,211858.0,178857.0,169379.0,2123020
2022,PETROL/CNG,26436,29872,33119,30880,29847.0,30337.0,28651.0,28743.0,23386.0,36238.0,28931.0,24613.0,351053
2022,PETROL/HYBRID,10788,9257,8214,7218,15426.0,12275.0,11992.0,18300.0,19031.0,27157.0,25488.0,24197.0,189343
2022,PETROL/LPG,793,598,602,709,764.0,687.0,639.0,762.0,585.0,716.0,345.0,327.0,7527
2022,STRONG HYBRID EV,0,0,0,0,0.0,0.0,0.0,0.0,0.0,0.0,1.0,0.0,1
2023,CNG ONLY,6,7,4,11,5.0,3.0,8.0,4.0,6.0,7.0,3.0,7.0,71
2023,DIESEL,127646,115641,131352,101943,120916.0,143988.0,134869.0,122237.0,105462.0,113331.0,115572.0,119756.0,1452713
2023,DIESEL/HYBRID,162,146,120,122,134.0,140.0,135.0,141.0,296.0,364.0,307.0,392.0,2459
2023,ELECTRIC(BOV),2973,4367,7161,5420,6849.0,6966.0,6925.0,6307.0,5770.0,6457.0,7141.0,7013.0,73349
2023,LPG ONLY,1,0,0,0,1.0,0.0,0.0,0.0,0.0,0.0,0.0,0.0,2
2023,NOT APPLICABLE,4146,4222,4498,4186,3475.0,3583.0,3587.0,3734.0,3300.0,4171.0,3807.0,4616.0,47325
2023,PETROL,203746,168228,193576,161658,168769.0,162391.0,154532.0,173846.0,182350.0,199710.0,210242.0,169202.0,2148250
2023,PETROL/CNG,34743,23303,24748,24262,28239.0,31887.0,32437.0,37006.0,42688.0,47677.0,48287.0,33827.0,409104
2023,PETROL/ETHANOL,0,0,0,0,2.0,0.0,0.0,1.0,0.0,0.0,1.0,0.0,4
2023,PETROL/HYBRID,29742,31092,37327,27350,25850.0,26082.0,22678.0,24908.0,25934.0,26421.0,25292.0,21143.0,323819
2023,PETROL/LPG,529,428,530,330,305.0,351.0,304.0,298.0,284.0,281.0,284.0,189.0,4113
2023,STRONG HYBRID EV,0,1,0,0,0.0,0.0,0.0,0.0,0.0,0.0,0.0,0.0,1
2024,CNG ONLY,8,5,9,16,22.0,58.0,54.0,41.0,31.0,50.0,29.0,30.0,353
2024,DIESEL,147742,131905,131988,112521,118169.0,115895.0,130465.0,117113.0,107674.0,144471.0,132762.0,141703.0,1532408
2024,DIESEL/HYBRID,441,402,579,629,460.0,343.0,370.0,342.0,370.0,513.0,398.0,394.0,5241
2024,ELECTRIC(BOV),7039,6853,7628,7030,6769.0,5918.0,6732.0,4827.0,3486.0,4751.0,3049.0,3391.0,67473
2024,LPG ONLY,0,0,0,0,0.0,0.0,0.0,0.0,0.0,2.0,0.0,0.0,2
2024,NOT APPLICABLE,4262,4504,4286,3779,3604.0,3260.0,3405.0,3367.0,3161.0,5526.0,4961.0,4304.0,48419
2024,PETROL,219497,174689,165553,176237,155871.0,146421.0,165014.0,158162.0,139315.0,246787.0,165718.0,154741.0,2068005
2024,PETROL/CNG,51285,38144,37759,43176,41266.0,37469.0,42804.0,42853.0,37785.0,84052.0,46808.0,41666.0,545067
2024,PETROL/ETHANOL,0,1,0,1,1.0,1.0,0.0,1.0,3.0,1.0,0.0,1.0,10
2024,PETROL/HYBRID,30132,29313,25991,25595,21980.0,19718.0,21178.0,20232.0,18622.0,31104.0,19914.0,18928.0,282707
2024,PETROL/LPG,445,326,373,404,350.0,428.0,553.0,488.0,384.0,699.0,431.0,236.0,5117
2024,PLUG-IN HYBRID EV,0,0,0,0,1.0,0.0,2.0,1.0,11.0,14.0,6.0,7.0,42
2024,PURE EV,0,0,188,558,729.0,718.0,851.0,1300.0,1983.0,5769.0,5665.0,5297.0,23058
2024,STRONG HYBRID EV,0,1,1670,3028,3385.0,4145.0,6959.0,7631.0,6664.0,9730.0,6899.0,6982.0,57094
2025,CNG ONLY,44,35,35,11,,,,,,,,,125
2025,DIESEL,162155,117259,128217,22282,,,,,,,,,429913
2025,DIESEL/HYBRID,538,445,486,109,,,,,,,,,1578
2025,ELECTRIC(BOV),4129,2684,3349,521,,,,,,,,,10683
2025,LPG ONLY,1,0,0,0,,,,,,,,,1
2025,NOT APPLICABLE,5021,3930,4355,867,,,,,,,,,14173
2025,PETROL,231976,135133,143285,33562,,,,,,,,,543956
2025,PETROL/CNG,80885,46502,55823,10687,,,,,,,,,193897
2025,PETROL/ETHANOL,2482,11185,22016,5212,,,,,,,,,40895
2025,PETROL/HYBRID,30697,18139,18261,4817,,,,,,,,,71914
2025,PETROL/LPG,540,159,48,0,,,,,,,,,747
2025,PLUG-IN HYBRID EV,11,7,12,0,,,,,,,,,30
2025,PURE EV,6673,6005,8622,1715,,,,,,,,,23015
2025,STRONG HYBRID EV,9172,7257,8154,1802,,,,,,,,,26385
