date,CNG/LPG,Diesel,Other/Unknown,Petrol,Electrified (EV + Hybrid),Electrified_Share_YoY_Change (pp)
2002-01-01,0.12142237640936687,33.976188598911925,2.2802176141291493,63.606402270756135,0.01576913979342427,
2002-02-01,0.09103244533759297,32.47797186582161,2.4424176843407017,64.9765548513423,0.012023153157795298,-0.003745986635628971
2002-03-01,0.09460887115848562,32.624292404484464,2.7200050458064617,64.5248269446065,0.03626673394408616,0.02424358078629086
2002-04-01,0.07999863832104985,32.83518578407176,2.255280761178533,64.81591802692719,0.013616789501455295,-0.022649944442630864
2002-05-01,0.07674989766680311,32.67498976668031,2.4355300859598854,64.7803247373448,0.03240551234820576,0.018788722846750466
2002-06-01,0.06923855344683723,35.386226853906656,2.7730928329220443,61.73593480923891,0.03550695048555755,0.0031014381373517877
2002-07-01,0.09214891264283082,38.38253526790202,3.230238246825051,58.263244311898944,0.03183326073115973,-0.003673689754397816
2002-08-01,0.06871727748691099,34.59587696335078,2.9172120418848166,62.37565445026178,0.0425392670157068,0.01070600628454707
2002-09-01,0.09199027531375255,33.124712530389644,3.070175438596491,63.67698271896971,0.036139036730402786,-0.006400230285304016
2002-10-01,0.07279056887411979,32.60384524092096,2.9432708283883215,64.36743413244719,0.012659229369412137,-0.02347980736099065
2002-11-01,0.08114001724225367,35.329715840897954,3.157699004344372,61.40439846510134,0.027046672414084556,0.014387443044672418
2002-12-01,0.050117583561432595,35.84371024326304,3.793515555726898,60.28567022630017,0.0269863911484637,-6.028126562085401e-05
2003-01-01,0.07701742875887839,35.12850500613287,2.916678552072339,61.85640528282511,0.021393730210799555,-0.005592660937664147
2003-02-01,0.06679264955037144,37.89423954124853,3.246774403753421,58.746578913071815,0.045614492375863416,0.02422076216506386
2003-03-01,0.07473273547144957,37.83503065308811,2.801844251912651,59.232659472057556,0.05573288747023357,0.010118395094370153
2003-04-01,0.08413831043800463,34.84135074349142,2.8105431775156546,62.22998883549342,0.03397893306150187,-0.0217539544087317
2003-05-01,0.07084610491006882,35.804753918223355,2.6733560811983113,61.40188537389394,0.04915852177433346,0.015179588712831593
2003-06-01,0.068598117200613,36.1293147485952,3.2226519740202875,60.54148726556229,0.037947894621615706,-0.011210627152717756
2003-07-01,0.07383504703565959,35.30956027127543,2.9903194049442137,61.59620433165609,0.030080945088602054,-0.007866949533013652
2003-08-01,0.08276277180046648,34.93943269881875,2.4618162666466032,62.473854487999404,0.04213377473478294,0.012052829646180888
2003-09-01,0.07621512798389415,35.54501006614898,2.8515962036238136,61.49122807017544,0.03595053206787461,-0.006183242666908333
2003-10-01,0.07860692540336012,35.09999067375461,2.382189535952676,62.40723716642018,0.031975698469163434,-0.003974833598711175
2003-11-01,0.07971130016377048,34.87876635893274,2.7246771692343366,62.29945361526978,0.017391556399368107,-0.014584142069795327
2003-12-01,0.07106598984771574,34.71791153009427,3.4242204496011603,61.76794778825235,0.01885424220449601,0.0014626858051279036
2004-01-01,0.10925060574593286,34.62703357563171,2.6263412945655937,62.61790411907234,0.019470404984423675,0.0006161627799276641
2004-02-01,0.11333195961261075,37.02091489800124,3.0548114568308264,59.80579023284566,0.005151452709664125,-0.01431895227475955
2004-03-01,0.08102107600197818,36.26797983943096,3.1492997464145542,60.482759346359835,0.018939991792670224,0.0137885390830061
2004-04-01,0.1477938107111026,34.26672834143755,2.567776436476866,62.98385550052461,0.03384591084987082,0.014905919057200595
2004-05-01,0.1377533449828446,36.670450632007245,2.7040471422558383,60.464789989923595,0.022958890830474102,-0.010887020019396718
2004-06-01,0.11122038025662638,38.9376697574225,3.228903249976585,57.70347475882739,0.018731853516905497,-0.004227037313568605
2004-07-01,0.13092970914127425,38.93048822714682,3.313279085872576,57.60257963988919,0.022723337950138506,0.0039914844332330085
2004-08-01,0.1732771032145451,37.27114044364035,3.1049727980429878,59.43914278797763,0.011466867124491955,-0.01125647082564655
2004-09-01,0.19480824297047364,37.09806130591936,2.904520490071821,59.775618457494254,0.02699150354410177,0.015524636419609815
2004-10-01,0.17329552340095494,36.28299280157057,2.712135534065295,60.801279720788195,0.030296420174992122,0.003304916630890352
2004-11-01,0.20799254693373487,34.03386378654765,2.4872442070825795,63.240567213008205,0.030332246427836333,3.5826252844210066e-05
2004-12-01,0.19782500594556027,34.58262166778371,2.9630510453376,62.233801050742656,0.022701230190474132,-0.0076310162373622
2005-01-01,0.19020848963892087,36.71869221096235,2.646011433643655,60.43135058594782,0.013737279807255398,-0.008963950383218735
2005-02-01,0.20611512839492116,39.07988384672322,3.21129647554518,57.490178215566814,0.012526333769857087,-0.001210946037398311
2005-03-01,0.16797312430011196,38.62609568675908,3.492682550102329,57.697802834305136,0.01544580453334363,0.0029194707634865435
2005-04-01,0.15280727182840642,36.61868967764407,3.1808631363692546,60.03752766822845,0.010112245929821012,-0.005333558603522618
2005-05-01,0.12973674252662307,37.65284609978918,3.1147629601600086,59.075625709497814,0.027028488026379804,0.016916242096558794
2005-06-01,0.12394064248149264,39.0290199756585,2.781406670463047,58.05446688774998,0.01116582364698132,-0.015862664379398483
2005-07-01,0.1719746609486906,36.952783159544595,2.918127000021769,59.927727104512705,0.029388074972244597,0.018222251325263276
2005-08-01,0.17530788447210413,35.36507866941316,2.764386203269492,61.66893106017444,0.026296182670815616,-0.0030918923014289813
2005-09-01,0.1818956646467586,36.262719703977794,3.418599091561081,60.11495806005676,0.021827479757611033,-0.004468702913204583
2005-10-01,0.1670245764733954,33.98616082080649,3.180147936053448,62.64566929133858,0.02099737532808399,-0.000830104429527044
2005-11-01,0.16915336571825124,35.81171929215822,3.255117973629424,60.74232303955587,0.021686328938237333,0.0006889536101533436
2005-12-01,0.1468127265073971,36.80892785643153,3.625145016067267,59.39755449010811,0.021559910885701673,-0.00012641805253565952
2006-01-01,0.2173496664806842,37.50239417736066,2.9146506999325466,59.35394685342638,0.011658602799730185,-0.009901308085971488
2006-02-01,0.16597116843702578,40.55197268588771,3.6874051593323216,55.57094081942336,0.023710166919575115,0.01205156411984493
2006-03-01,0.13497502961952038,39.73214955233282,4.0155071311807315,56.100121477526656,0.01724680934027205,-0.006463357579303067
2006-04-01,0.1557026080186843,37.1292331646555,3.6317633320358116,59.06481121058778,0.01848968470221876,0.0012428753619467131
2006-05-01,0.15092983559428622,37.81421255951846,3.067109873326745,58.95606863713952,0.011679094420986434,-0.006810590281232327
2006-06-01,0.18795873412769287,37.479481880267734,3.259935872902474,59.03775334030736,0.03487017239473035,0.023191077973743916
2006-07-01,0.18559353178978316,38.769753766997425,3.184490995957369,57.833517089305396,0.026644615950018376,-0.008225556444711974
2006-08-01,0.20255474452554745,36.87043795620438,3.104014598540146,59.78467153284671,0.038321167883211674,0.011676551933193297
2006-09-01,0.19843764029810543,36.760348388255366,3.3913980425608328,59.615695429648916,0.034120499236778304,-0.00420066864643337
2006-10-01,0.19225583074527408,34.11627563048603,3.2039738671259927,62.470965889813925,0.016528781828779218,-0.017591717407999086
2006-11-01,0.18619454943306146,37.241296996220406,3.4939327630793713,59.05390889198328,0.02466679928386712,0.008138017455087902
2006-12-01,0.18091277020348023,36.257157244903674,3.4317473935505527,60.117127030605964,0.013055560736333625,-0.011611238547533495
2007-01-01,0.19271346180897456,34.566043044028696,2.690251793501196,62.536221690814465,0.01477000984667323,0.0017144491103396053
2007-02-01,0.1872860410494159,39.15199336823199,3.0925223745413795,57.542100980949016,0.026097235228197294,0.011327225381524064
2007-03-01,0.17561616473064368,39.38226008619938,3.2060004423918653,57.20528993424448,0.03083337243362446,0.004736137205427166
2007-04-01,0.18092706006268738,37.90804148581039,2.9143696857985,58.973727352264135,0.02293441606428432,-0.00789895636934014
2007-05-01,0.20267129915350446,39.50871258009707,2.7581582817131056,57.51598131766822,0.01447652136810746,-0.00845789469617686
2007-06-01,0.20917109871578674,39.861687637825916,2.920287975094046,56.99831365935919,0.010539629005059021,-0.003936892363048439
2007-07-01,0.17036036589109213,39.54969611394192,2.803272146847566,57.43676714347106,0.03990422984836393,0.029364600843304906
2007-08-01,0.17482907667928907,37.64404799988097,2.731797317303615,59.42700700060261,0.022318605533526267,-0.01758562431483766
2007-09-01,0.14995461899688253,37.06957105086619,2.7457479973166015,60.006313878694606,0.02841245412572511,0.0060938485921988444
2007-10-01,0.17296504009644112,37.146301468330925,2.881253135459331,59.77102723263423,0.028453123479068237,4.0669353343125714e-05
2007-11-01,0.15916491474729255,35.437405081339904,2.4909309157951283,61.88862435090559,0.02387473721209388,-0.004578386266974356
2007-12-01,0.12658019759662015,38.06858345251599,2.795449688481202,58.97157699199421,0.03780966941197745,0.013934932199883569
2008-01-01,0.14545149821028816,37.03865538170543,2.190750960698167,60.600600960099605,0.02454119928650952,-0.013268470125467929
2008-02-01,0.09915610309381309,42.419551586140976,3.110933565410927,54.31329048458087,0.0570682607734176,0.03252706148690808
2008-03-01,0.08837886916475064,43.44511879362843,3.3024697751172054,53.14124738488307,0.022785177206537274,-0.034283083566880326
2008-04-01,0.08306096539801734,41.54939088625375,2.282488317441452,56.067502228464924,0.017557602441857324,-0.00522757476467995
2008-05-01,0.07734000286906463,41.443014763208616,2.227891050389507,56.2330428925161,0.018711291016709184,0.0011536885748518605
2008-06-01,0.12311457765064948,44.101558468366186,2.646594812969052,53.09113427598307,0.037597865031036674,0.01888657401432749
2008-07-01,0.16777804749189668,43.33385689603473,2.4995359330601286,53.93171790441649,0.06711121899675866,0.029513353965721988
2008-08-01,0.11685800106982679,42.97247253425503,2.3231699790149363,54.53729992182035,0.05019956383985517,-0.016911655156903495
2008-09-01,0.10646151455103547,42.05773788708863,2.3429304114698684,55.449353071453544,0.043517115436919614,-0.0066824484029355535
2008-10-01,0.1451061316455327,39.596473702248055,1.8922131237193835,58.33485245112694,0.03135459126008998,-0.012162524176829635
2008-11-01,0.06744958143787519,41.02283543051569,2.123912375499314,56.75282726162194,0.03297535092518342,0.001620759665093445
2008-12-01,0.06187174749546556,41.38202837624803,2.72913735527944,55.78712728628821,0.03983523468886139,0.006859883763677965
2009-01-01,0.10145333457815951,36.22319733607195,1.8890237450595961,61.762051473563005,0.024274110727289702,-0.015561123961571686
2009-02-01,0.09018466719744102,39.50370250332908,2.2680034664731457,58.10922208678865,0.028887276211680323,0.00461316548439062
2009-03-01,0.07702230515861586,42.01034478440017,2.520445351735194,55.36213007376608,0.03005748493994765,0.0011702087282673274
2009-04-01,0.06847257254249842,39.93488118611264,2.068849870391202,57.89775228300134,0.030044087952320733,-1.3396987626916601e-05
2009-05-01,0.06412311638345623,41.72027313718936,2.0226068093292313,56.178671560033564,0.01432537706438916,-0.015718710887931572
2009-06-01,0.051235488682793956,43.25248070562293,1.9034956871392439,54.77916855827226,0.013619560282768015,-0.0007058167816211443
2009-07-01,0.06928435559250722,43.559704218787395,2.084829245556353,54.261617726717304,0.024564453346434378,0.010944893063666363
2009-08-01,0.05705292150304938,40.51282051282051,1.9784903928126434,57.43458587448357,0.017050298380221655,-0.007514154966212723
2009-09-01,0.04800646823993128,40.52882914750619,1.9373136591035425,57.46058416291879,0.025266562231542777,0.008216263851321123
2009-10-01,0.04191982706808689,39.079885048763366,1.530326217063895,59.33120198790891,0.01666691919574539,-0.008599643035797386
2009-11-01,0.036350631152490896,41.416267493741245,1.9400683626385868,56.58855189638897,0.01876161607870498,0.0020946968829595874
2009-12-01,0.04789875715330123,40.92444601305871,1.8277157334812313,57.18859505382308,0.011344442483676607,-0.007417173595028371
2010-01-01,0.05140600362807757,39.55395406082714,1.5990232859310665,58.78820232216736,0.007414327446357341,-0.003930115037319266
2010-02-01,0.03542976829973584,42.762167259767935,2.1330804620458608,55.06202814582476,0.007294364061710319,-0.00011996338464702154
2010-03-01,0.03988340468502717,42.069354694998026,2.076058501317425,55.80155036128425,0.01315303771527492,0.005858673653564601
2010-04-01,0.037844768666790936,44.16258564497088,2.086545902315309,53.702291585469865,0.010732098577149667,-0.002420939138125253
2010-05-01,0.04114797903931863,43.03037514067156,1.5661019974121393,55.35345122477208,0.008923658104912474,-0.0018084404722371935
2010-06-01,0.029833730228494407,43.95201031394674,1.7591245931158666,54.236123319854876,0.02290804285402249,0.013984384749110018
2010-07-01,0.04024313122919247,43.1981268651646,1.8825423206175491,54.86393117901922,0.015156503969436125,-0.0077515388845863665
2010-08-01,0.0493104245319362,41.43000231142615,1.8167809538485247,56.68490125073837,0.01900505945501708,0.0038485554855809557
2010-09-01,0.15866759139602532,40.61042116765377,2.0033030800473006,57.207151018615995,0.020457142286908925,0.001452082831891844
2010-10-01,0.18103832442067735,40.5047719845514,2.0958667557932262,57.203468508615565,0.014854426619132503,-0.005602715667776422
2010-11-01,0.12256933236789991,39.52839159375027,1.704193528688203,58.63175985134652,0.013085693847106753,-0.0017687327720257492
2010-12-01,0.08520117684125512,41.060754651673626,1.8265002285344067,57.00136233131721,0.026181611633510685,0.013095917786403932
2011-01-01,0.05878668884935623,39.47891171622551,1.4297076418853238,59.00646653577343,0.026127417266380543,-5.419436713014272e-05
2011-02-01,0.03967735099576625,45.528858509664595,2.0749451054831396,52.322703109712386,0.033815924144118964,0.007688506877738421
2011-03-01,0.057561024279240036,46.01888769076683,2.1247692762276804,51.770385236748496,0.02839677197775842,-0.005419152166360543
2011-04-01,0.05590436054012213,44.527584262683604,1.6412946876523036,53.746069971235535,0.02914671788843974,0.0007499459106813204
2011-05-01,0.06051132065957339,45.82999069409235,1.6370145914798226,52.43168409423264,0.04079929953562146,0.01165258164718172
2011-06-01,0.07088020325128414,49.38831305116262,2.0518438058066533,48.455824143454166,0.03313879632527569,-0.007660503210345768
2011-07-01,0.06257314131499128,49.451887941534714,2.3008765016359773,48.1569582766115,0.02770413890282057,-0.005434657422455122
2011-08-01,0.11539260038914827,47.524370048136575,3.4989547071973117,48.8303825337125,0.030900110564458114,0.003195971661637542
2011-09-01,0.10396680623422777,49.44188728107899,2.108163284594955,48.32660699602091,0.019375632070924263,-0.01152447849353385
2011-10-01,0.09720890593373814,48.48194311281559,1.7231277298391392,49.67641418983701,0.02130606157451795,0.0019304295035936885
2011-11-01,0.08118092758033775,50.556108962845016,1.7969614018024518,47.54064929054928,0.02509941722290636,0.003793355648388407
2011-12-01,0.07589319595176763,52.7980035625159,2.158045348416734,44.94261135094353,0.02544654217206327,0.00034712494915691006
2012-01-01,0.10543842147677691,49.98810711407585,1.531874709334318,48.34440377590253,0.03017597921052538,0.0047294370384621115
2012-02-01,0.0914880329675138,54.51254778260852,1.9749481899291563,43.39356958460455,0.027446409890254136,-0.0027295693202712447
2012-03-01,0.06873022458065274,55.514207342369396,1.6814137373762392,42.70252196580826,0.03312672986544975,0.005680319975195611
2012-04-01,0.08265763992757616,54.498062574894824,1.6912015534388203,43.72108075957561,0.0069974721631810505,-0.026129257702268698
2012-05-01,0.0653492151728996,59.155467480278546,1.7983764539139513,38.96892517514863,0.011881675485981744,0.0048842033228006934
2012-06-01,0.08285879761738682,61.5936790574389,1.9226623038973225,36.38093063957692,0.01986920146947541,0.007987525983493666
2012-07-01,0.06380394193841284,63.367539335539206,1.7828293776252664,34.76374136499536,0.02208597990175829,0.002216778432282882
2012-08-01,0.07529884228029994,59.68195203284464,2.0967141915907326,38.12810663750331,0.017928295781023795,-0.004157684120734497
2012-09-01,0.08516906058526175,58.372870147242274,1.775524415965692,39.75040455303778,0.016031823168990447,-0.0018964726120333474
2012-10-01,0.07670825141933232,59.433736932037405,1.4216289709151708,39.057820566998,0.010105278630091682,-0.005926544538898765
2012-11-01,0.06622418001071492,56.110110720876236,1.1432972200726235,42.671438776117625,0.008929102922793024,-0.0011761757072986587
2012-12-01,0.05880439406450968,58.26681346912561,1.4417502856809217,40.22053733036392,0.012094520765040995,0.0031654178422479713
2013-01-01,0.0495851607676621,57.532754141408496,1.2022655529793,41.20561778920021,0.009777355644327737,-0.0023171651207132583
2013-02-01,0.053945222237324994,59.834171537311406,1.5410493407638983,38.56191382356939,0.008920076117982874,-0.0008572795263448625
2013-03-01,0.05712472231037766,60.66050460171374,1.6586004443033957,37.61186924785782,0.011900983814662012,0.0029809076966791376
2013-04-01,0.05952869693735118,58.31184826340422,1.3227687002216932,40.27670580507431,0.02914853436242713,0.01724755054776512
2013-05-01,0.06794711098168804,59.2760467442361,1.4281554258511324,39.20084068723649,0.027010031694584068,-0.0021385026678430626
2013-06-01,0.07592195972386903,60.14940691827142,1.7194917915239225,38.03080931871757,0.024370011763217216,-0.002640019931366852
2013-07-01,0.08120251103149498,58.49882434826061,1.5227701656620458,39.87891010168161,0.018292873364237877,-0.0060771383989793384
2013-08-01,0.07091069593783013,58.27894434716333,1.0573894251409772,40.57297771860514,0.019777813152728134,0.0014849397884902568
2013-09-01,0.053279630073173954,59.43611576832648,0.9859175583265309,39.5070901012313,0.017596942042516165,-0.002180871110211969
2013-10-01,0.06758395318419808,57.5727819542894,1.0988355682419029,41.23972823299767,0.021070291286838225,0.0034733492443220597
2013-11-01,0.05438127597865219,58.06739905739121,2.101899550616743,39.76283018708845,0.013489928924936978,-0.007580362361901247
2013-12-01,0.0426237923258841,60.011549672759266,2.3951821365061323,37.5327699048527,0.017874493556015912,0.004384564631078934
2014-01-01,0.06081332700145883,55.934253277257525,1.853781529830987,42.13543606230291,0.015715803607118578,-0.002158689948897334
2014-02-01,0.05384292036443156,59.786895388873404,2.2689595564099054,37.87754986373963,0.012752270612628527,-0.0029635329944900507
2014-03-01,0.05212234465610835,58.38938094098206,2.3103711883122395,39.2326818683737,0.015443657675883956,0.0026913870632554286
2014-04-01,0.05602482330632649,56.09463885536976,1.8022754697465955,42.0285295638683,0.018531287709015687,0.003087630033131731
2014-05-01,0.06286393584654752,56.958352642501666,1.9640950212568757,40.99534565090367,0.01934274949124539,0.000811461782229704
2014-06-01,0.07177792244645868,57.17820955814846,2.104094680087469,40.63548500175272,0.01043283756489225,-0.008909911926353141
2014-07-01,0.0833015993907083,56.30989781670475,2.391549251078954,41.20374777862402,0.011503554201574005,0.0010707166366817553
2014-08-01,0.0832280273650268,53.93306897904048,4.0890670617456095,41.866748006449086,0.027887925399799555,0.01638437119822555
2014-09-01,0.09578753537359326,52.803862993207396,1.8361464543303403,45.23752247070607,0.026680546382599035,-0.0012073790172005203
2014-10-01,0.10716384068584858,49.34956927583724,1.1713545674966692,49.34584543581341,0.026066880166828035,-0.0006136662157710006
2014-11-01,0.0905266726247342,55.65502788991956,1.512758482541835,42.71934420167031,0.02234275324355142,-0.003724126923276616
2014-12-01,0.08089993083055913,55.43546410267819,1.526581694772651,42.93197529316112,0.025078978557473333,0.0027362253139219146
2015-01-01,0.0824667152414387,51.63376829833742,1.1300258329469433,47.12856858978605,0.025170563688149964,9.15851306766309e-05
2015-02-01,0.07424280772800135,53.17978570825951,1.5055260271661182,45.21429174048764,0.026153716358727746,0.0009831526705777818
2015-03-01,0.06433533312282919,52.01176191979792,1.6620618882222924,46.233422797600255,0.02841806125670982,0.0022643448979820756
2015-04-01,0.07472263969334166,49.35704756919232,1.3196778061095256,49.230821189145374,0.017730795859437005,-0.010687265397272817
2015-05-01,0.06675222435637937,49.96726987708978,1.3690665885737419,48.571071739261505,0.02583957071859846,0.008108774859161456
2015-06-01,0.0681778722575345,51.0698844363892,1.5126171410180946,47.319677997179724,0.029642553155449787,0.003802982436851326
2015-07-01,0.06876308110175647,52.10221632005776,1.6503139464421552,46.145614419618106,0.033092232780220304,0.003449679624770517
2015-08-01,0.09398972563293326,51.04056762422539,1.5807781796401668,47.25702043355064,0.027644036950862722,-0.005448195829357582
2015-09-01,0.091547146780592,49.68216377913499,1.3895395565335866,48.81268078412495,0.024068733425883344,-0.003575303524979378
2015-10-01,0.09940443404020932,48.69483269071881,1.4187723767557148,49.76246213164418,0.02452836684109061,0.00045963341520726536
2015-11-01,0.09717706177948567,48.09451670115282,1.2477830328111144,50.53983151049365,0.020691693762932308,-0.0038366730781583015
2015-12-01,0.07519356468408912,48.643186953916526,1.640159629671694,49.61404553126995,0.027414320457740827,0.006722626694808519
2016-01-01,0.08583719994998462,45.17368515320588,1.7316134352115007,52.9794632809411,0.02940093069153017,0.001986610233789342
2016-02-01,0.0611061378585607,48.01969408009964,1.4817265403028061,50.41450978865839,0.022963453080605614,-0.0064374776109245545
2016-03-01,0.051847590790051315,47.16276359012398,2.288484536550659,50.47571110673792,0.02119317579739324,-0.0017702772832123743
2016-04-01,0.06407632937713674,46.269724141067144,1.635806679647291,52.003108735463975,0.027284114444458222,0.006090938647064982
2016-05-01,0.044076368107267956,48.2330789276297,1.7259377827267033,49.978735085562285,0.01817183597404907,-0.00911227847040915
2016-06-01,0.04727788486016656,48.93220674578641,2.0369898938470055,48.964533504665155,0.01899197084126349,0.0008201348672144185
2016-07-01,0.04670791843888083,46.88689656882804,2.2907547255599785,50.754146877802995,0.021493909370104453,0.0025019385288409628
2016-08-01,0.05685048322910744,45.125271240861885,1.5665911329260385,53.2256643899783,0.025622753004668146,0.004128843634563693
2016-09-01,0.06629824801532987,44.97630372296742,1.7977518477963317,53.135693265808925,0.023952915411990145,-0.0016698375926780008
2016-10-01,0.05182561505781692,43.82466437137509,1.3801458379409717,54.716626119449785,0.02673805617632593,0.002785140764335784
2016-11-01,0.05248317823649282,46.707494959805125,1.4380390836799033,51.773750447916775,0.028232330361699587,0.0014942741853736577
2016-12-01,0.05674828201825058,46.83224462237539,1.9563659560014415,51.139314961249625,0.015326178355293952,-0.012906152006405635
2017-01-01,0.04707312024678333,41.73883432264785,1.0145759746806706,57.17547924442634,0.02403733799835745,0.0087111596430635
2017-02-01,0.05018103774386054,45.478688499278164,1.441353807196733,53.00893222471841,0.02084443106283438,-0.003192906935523071
2017-03-01,0.027248297764386788,49.593467925308346,1.6013855916012603,48.752842279335766,0.025055905990240723,0.0042114749274063425
2017-04-01,0.0291213506094128,43.82685609781667,1.306189646000862,54.80638184691489,0.03145105865816582,0.006395152667925095
2017-05-01,0.02173068907658821,44.74420129030419,1.227962053229501,53.97938790704965,0.02671806034006747,-0.004732998318098348
2017-06-01,0.018438803288141504,46.26865671641791,1.3534081613495863,52.33267624143434,0.026820077510024003,0.00010201716995653434
2017-07-01,0.018459373704796302,49.35305119515738,1.2757865260503558,49.327277729984644,0.025425175102832643,-0.0013949024071913604
2017-08-01,0.01463057790782736,47.784564740307246,1.1196049743964887,51.05193855157278,0.02926115581565472,0.0038359807128220784
2017-09-01,0.014093415281387066,45.82456791651198,1.0680058848602345,53.05758363238873,0.03574915095766476,0.006487995142010039
2017-10-01,0.015535438601033753,42.76679688384994,0.9476617546630589,56.23634580591707,0.033660116968906466,-0.0020890339887582945
2017-11-01,0.01720314410917428,46.702470058709636,1.1835763147111904,52.07735784729238,0.019392635177614644,-0.014267481791291822
2017-12-01,0.013822403934292656,47.23879294038906,1.95005019715113,50.77514586273626,0.022188595789259264,0.0027959606116446205
2018-01-01,0.012560267876258524,43.5353157622798,1.5177941885924222,54.91463299753647,0.019696783715041778,-0.002491812074217486
2018-02-01,0.014475407694561836,47.77837797760902,1.8599133593890673,50.30486620839644,0.04236704691091269,0.022670263195870913
2018-03-01,0.01496864222195747,48.57080015029739,1.7843232493561956,49.60119260365784,0.028715354466612292,-0.013651692444300399
2018-04-01,0.014862668939003607,46.51586011916557,2.09695744652742,51.3409430198301,0.0313767455378965,0.0026613910712842102
2018-05-01,0.02218093211348922,46.086512064498294,1.7124322517182187,52.142549457049356,0.03632529462064177,0.0049485490827452655
2018-06-01,0.03228673397119884,47.046631764591524,1.6823818583272,51.19530349529933,0.043396147810751136,0.007070853190109368
2018-07-01,0.011469430690230339,49.963461670801124,1.5077385887357082,48.4868543939389,0.030475915834040614,-0.012920231976710522
2018-08-01,0.006401820962407085,47.196713731905966,1.4382757762207916,51.330511790020275,0.02809688089056443,-0.0023790349434761847
2018-09-01,0.008330871939351251,44.47776793220185,1.483273881201766,53.994653094918924,0.03597421973810768,0.007877338847543252
2018-10-01,0.003406864832637765,44.35261051017801,1.659824546461119,53.965420321948734,0.018737756579507707,-0.017236463158599974
2018-11-01,0.006535744296785036,41.39086863153963,1.6619464068967662,56.9070368180262,0.033612399240608756,0.01487464266110105
2018-12-01,0.002919812223631662,43.853957481045555,1.8719240589282993,54.233565512475714,0.03763313532680809,0.004020736086199336
2019-01-01,0.007795196008859643,42.67144055222244,1.5525880050749414,55.75124185536418,0.01693439132959164,-0.020698743997216454
2019-02-01,0.004906203894825006,46.08572539976801,2.2333741015514117,51.62097472253665,0.055019572249109,0.03808518091951736
2019-03-01,0.00491022472461823,46.121086141709085,2.12874609227949,51.691245069316004,0.05401247197080053,-0.0010071002783084704
2019-04-01,0.006010614037258736,43.307534835044,1.6762541853319803,54.97095459157878,0.039245774007983514,-0.014766697962817016
2019-05-01,0.008753961167428262,42.77990790832852,1.6912652975471403,55.500113801495175,0.019959031461736436,-0.019286742546247078
2019-06-01,0.005835031975975228,44.551247140834334,1.57973765696236,53.850343099880185,0.012837070347145502,-0.0071219611145909335
2019-07-01,0.006143549453766176,47.241365602627994,1.4722835573319648,51.25563309277121,0.024574197815064706,0.011737127467919203
2019-08-01,0.00597621466563079,47.29934859260145,1.6904719217514292,50.97033805454292,0.03386521643857448,0.009291018623509773
2019-09-01,0.005507416654427963,42.95968571008959,1.772470259950066,55.231586870318694,0.030749742987222793,-0.0031154734513516857
2019-10-01,0.004084800457497651,36.92533927409954,1.4318796680628305,61.6119879466965,0.02670831068363849,-0.004041432303584305
2019-11-01,0.0026520431045405925,39.36574915797632,1.5231567563744801,59.0831002973235,0.02534174522116566,-0.0013665654624728275
2019-12-01,0.0046192494785578,42.98602499369295,1.952876548781051,55.035870248835415,0.020608959212027104,-0.004732786009138557
2020-01-01,0.00774060138943795,40.74044381290967,1.5539257289296682,57.674391602553285,0.023498254217936634,0.00288929500590953
2020-02-01,0.004143503332067263,41.64289907116467,1.9598770760678155,56.35682469527986,0.036255654155588554,0.01275739993765192
2020-03-01,0.014770037717632903,41.97032303153223,1.970178933603277,55.95682826048582,0.08789973666103484,0.05164408250544629
2020-04-01,0.0434680843949577,50.252449259370714,1.42775938743438,48.26963587120072,0.006687397599224262,-0.08121233906181058
2020-05-01,0.0,32.082585686056284,3.9771049583210303,63.79948667862902,0.14082267699366297,0.1341352793944387
2020-06-01,0.0010633885940939398,36.28813577345569,2.7786343963674645,60.80402811599443,0.12813832558831972,-0.012684351405343242
2020-07-01,0.0007697044334975369,42.97490763546798,2.076277709359606,54.8129618226601,0.13508312807881773,0.006944802490498003
2020-08-01,0.0029325190705380808,38.06189814628138,1.926665029343519,59.875074687595074,0.13342961770948267,-0.0016535103693350595
2020-09-01,0.002398319805667572,37.28427969890808,2.115660685713894,60.487338584511654,0.11032271106070832,-0.02310690664877435
2020-10-01,0.0014859768365930713,30.377824470472152,2.118705773614401,67.36527391011029,0.13670986896656256,0.026387157905854247
2020-11-01,0.00104945284152475,28.27278427709753,1.8223748593077282,69.76211527714737,0.14167613360584125,0.0049662646392786836
2020-12-01,0.0018499969607192787,32.874710277261684,1.782075643732871,65.20763573031273,0.1337283517319936,-0.007947781873847648
2021-01-01,0.0025790744217715146,30.18187632822333,1.6696927806548787,67.99574968535292,0.15010213134710215,0.016373779615108552
2021-02-01,0.0017425650557620818,33.03525789962825,1.806168680297398,64.9863499070632,0.17048094795539034,0.02037881660828819
2021-03-01,0.0015559681752642554,33.88898685725548,2.0167940831716855,63.88520066802901,0.20746242336856738,0.036981475413177034
2021-04-01,0.0011428658504064795,29.653178309929977,1.7085844463576865,68.40433069966248,0.23276367819945296,0.025301254830885578
2021-05-01,0.0009133003936324696,32.436776780250796,1.4402747207584046,65.88823029782725,0.23380490076991223,0.0010412225704592715
2021-06-01,0.0011439640642755275,37.635273750600575,1.2659868977982505,60.79253830373008,0.30505708380680735,0.07125218303689512
2021-07-01,0.001857695237134797,38.38688361008569,1.6398141243222728,59.68642104397165,0.2850235263832531,-0.020033557423554227
2021-08-01,0.0022556814977725144,36.68076467602774,1.7599954886370044,61.25162127107653,0.3053628827609542,0.020339356377701068
2021-09-01,0.002870978237984956,33.299838587223505,2.0718892950791434,64.24802699995534,0.37737413950402254,0.07201125674306835
2021-10-01,0.0033807083260084655,30.462210442331877,2.286711111712126,66.82172848855292,0.4259692490770666,0.04859510957304408
2021-11-01,0.0022412838073648587,30.59384415393137,1.7392362345151302,67.15206470266169,0.5126136250844484,0.08664437600738178
2021-12-01,0.002391171793737521,34.84594875718846,1.8890257170526417,62.51987661553544,0.7427577384297175,0.23014411334526907
2022-01-01,0.0032301828283480844,31.995841873740964,1.6045199067358122,65.9967463249329,0.3996617117619766,-0.34309602666774086
2022-02-01,0.0025519318123819732,32.70683407339356,1.957650691573521,64.59641198387179,0.736551319348747,0.33688960758677033
2022-03-01,0.0038790726799681915,35.650894541867665,1.9960599704636324,61.33506598579706,1.0141004291916844,0.27754910984293746
2022-04-01,0.005433240565781451,32.46059391356318,1.3501602805966906,65.6386774285076,0.5451351367667389,-0.46896529242494556
2022-05-01,0.002935142163610695,32.66930633785247,1.446144544010989,65.20946642050608,0.672147555466849,0.12701241870011015
2022-06-01,0.006161718708738491,34.16878414619118,1.6533945201781617,63.30901899569853,0.8626406192233886,0.19049306375653963
2022-07-01,0.005083352022127533,36.46587426179263,1.521118337444868,61.122822755475816,0.8851012932645586,0.022460674041169915
2022-08-01,0.0011540647603440267,33.08011229050118,1.1858015412534875,64.89017631224377,0.8427557912412256,-0.04234550202333298
2022-09-01,0.001845546235547066,32.865487362622154,1.6908279428003703,64.44493659010726,0.9969025582346734,0.15414676699344787
2022-10-01,0.0009881154415270336,29.686693296377815,1.322098460763171,68.17230757069348,0.8179125567240021,-0.17899000151067135
2022-11-01,0.0024262618583548324,34.61601710245025,1.4417387131646273,62.980635734523815,0.9591821880029439,0.14126963127894177
2022-12-01,0.0014324513253039662,35.17985858840517,1.3774451944122938,62.6027067600243,0.8385570058329418,-0.12062518217000207
2023-01-01,0.0017339866334401802,31.65962337810322,1.027015511748998,66.57517822905467,0.736448894459665,-0.1021081113732768
2023-02-01,0.0020147653517924215,33.326233683998446,1.2151913307525148,64.19934664037878,1.2572135795184711,0.5207646850588061
2023-03-01,0.0010017129291087761,32.92430055394725,1.1264261887828186,64.15495497300384,1.7933165713369865,0.5361029918185154
2023-04-01,0.0033816811259153594,31.377389465141015,1.286883381189245,65.66609895413825,1.6662465184055681,-0.12707005293141838
2023-05-01,0.0016923098619357204,34.14235146455316,0.9801294617044382,62.94405505648084,1.9317717073996248,0.26552518899405664
2023-06-01,0.0007991667354838023,38.394101083936484,0.9544714710794877,58.79496311845516,1.8556651597933886,-0.07610654760623614
2023-07-01,0.002250509881144947,37.97847949926155,1.0090723679583655,59.062100007032846,1.9480976158660945,0.09243245607270589
2023-08-01,0.0010855347072584278,33.21139160121797,1.0133466492257424,64.06255936517931,1.7116168496697262,-0.23648076619636837
2023-09-01,0.001638941243956404,28.888524679723567,0.9014176841760223,68.63230353191838,1.5761151629380754,-0.13550168673165075
2023-10-01,0.0017569443224344221,28.536540677025947,1.0468878241248534,68.79415891310404,1.6206556414227233,0.04454047848464793
2023-11-01,0.000730040687600989,28.198794946171667,0.9264216325656549,69.13631319718885,1.7377401833862205,0.11708454196349716
2023-12-01,0.001965491583484255,33.73569753892375,1.296101307051903,62.997093880301556,1.969141782139297,0.23140159875307642
2024-01-01,0.001735918984660986,32.15421036300236,0.9248108390781402,65.39185116230625,1.5273917166285849,-0.44175006551071205
2024-02-01,0.0012948570866233493,34.2637313119751,1.166407263630313,62.79357647296467,1.7749900943432873,0.2475983777147024
2024-03-01,0.0023934642469629597,35.254930536348745,1.1398208624981385,61.08014382060719,2.5227113162989596,0.7477212219556724
2024-04-01,0.004289843259851893,30.33723530326511,1.013207354936269,65.79895649562704,2.8463110029117313,0.3235996866127717
2024-05-01,0.006239240854549116,33.643404697013956,1.022101092717955,62.24153235755387,3.0867226118596625,0.24041160894793112
2024-06-01,0.017345846267951454,34.7628703188645,0.9749561867848576,61.020593706448466,3.2242339416342176,0.13751132977455516
2024-07-01,0.01427110339414409,34.57703356616374,0.8998723529085302,60.66513913004411,3.843683847489475,0.6194499058552574
2024-08-01,0.01150528401214509,32.95983252796345,0.9448363724120126,62.22282087114643,3.861004944465958,0.017321096976483208
2024-09-01,0.009702994469293152,33.81775272388094,0.9893924360463114,61.38208201221326,3.801069833390195,-0.0599351110757631
2024-10-01,0.009747520474479304,27.177586701382833,1.035861502730243,67.97827052743457,3.798533747977858,-0.0025360854123372967
2024-11-01,0.007500517277053591,34.44030622801573,1.2831057314297538,60.229412373267124,4.039675150010345,0.24114140203248757
2024-12-01,0.007943232366024148,37.623649650497775,1.1395890701122644,57.07794958695192,4.150868460072019,0.11119331006167332
2025-01-01,0.00842185640173378,30.448379634828303,0.9396920220690068,64.86326648250873,3.740240004192213,-0.4106284558798059
2025-02-01,0.010036130068245684,33.75121867293686,1.1269140333773011,60.537363078511206,4.574468085106383,0.83422808091417
2025-03-01,0.008913495796650054,32.776961414750055,1.1090935484117426,60.976715402266066,5.128316138775489,0.5538480536691059
2025-04-01,0.013482870625727767,27.44499601642459,1.0626953484096342,66.52938652938653,4.949439235153521,-0.17887690362196818
